{ "properties": [{
	"surveys": "Men (Arecibo) 2019",
	"nFRBs": 0,
	"FWHM_2": 0.021,
	"R": 0.029166666666666667,
	"beams": 1,
	"tpb": 13.158333333333333,
	"flux": [-1]
	},
	{ "surveys": "Men (GBT) 2019",
	"nFRBs": 0,
	"FWHM_2": 0.087,
	"R": 0.075,
	"beams": 1,
	"tpb": 6.015,
	"flux": [-1]
	}
]}