{ "properties": [{
	"surveys": "Shannon 2018",
	"nFRBs": 20,
	"FWHM_2": 24.6,
	"R": 0.45,
	"beams": 36,
	"tpb": 1700,
	"flux": [24.166666666666668, 19.4, 7.727272727272727, 14.857142857142858, 29.6, 40.5, 40.55555555555555, 117.64705882352942, 27.39130434782609, 88.66666666666667, 21.05263157894737, 131.25, 40.74074074074074, 17.586206896551726, 28.695652173913047, 23.170731707317074, 22.22222222222222, 53.03867403314917],
	"freq": [1440]
	}
]}